divisi,keyword
Information Technology (IT),python
Information Technology (IT),java
Information Technology (IT),javascript
Information Technology (IT),html
Information Technology (IT),css
Information Technology (IT),php
Information Technology (IT),sql
Information Technology (IT),mysql
Information Technology (IT),postgresql
Information Technology (IT),mongodb
Information Technology (IT),react
Information Technology (IT),angular
Information Technology (IT),vue
Information Technology (IT),nodejs
Information Technology (IT),django
Information Technology (IT),flask
Information Technology (IT),spring
Information Technology (IT),laravel
Information Technology (IT),codeigniter
Information Technology (IT),bootstrap
Information Technology (IT),jquery
Information Technology (IT),git
Information Technology (IT),github
Information Technology (IT),docker
Information Technology (IT),kubernetes
Information Technology (IT),aws
Information Technology (IT),azure
Information Technology (IT),gcp
Information Technology (IT),linux
Information Technology (IT),ubuntu
Information Technology (IT),centos
Information Technology (IT),windows server
Information Technology (IT),apache
Information Technology (IT),nginx
Information Technology (IT),programming
Information Technology (IT),developer
Information Technology (IT),software engineer
Information Technology (IT),seo
Information Technology (IT),sem
Information Technology (IT),google ads
Information Technology (IT),web developer
Information Technology (IT),full stack
Information Technology (IT),frontend
Information Technology (IT),backend
Information Technology (IT),database
Information Technology (IT),api
Information Technology (IT),microservices
Information Technology (IT),devops
Information Technology (IT),cloud
Information Technology (IT),cybersecurity
Information Technology (IT),network
Information Technology (IT),rest api
Information Technology (IT),artificial intelligence
Information Technology (IT),machine learning
Information Technology (IT),data science
Information Technology (IT),big data
Information Technology (IT),analytics
Information Technology (IT),tensorflow
Information Technology (IT),pytorch
Information Technology (IT),scikit-learn
Information Technology (IT),system administrator
Information Technology (IT),it support
Information Technology (IT),technical support
Information Technology (IT),cisco
Information Technology (IT),comptia
Information Technology (IT),microsoft certified
Information Technology (IT),oracle certified
Information Technology (IT),red hat
Information Technology (IT),vmware
Information Technology (IT),citrix
Information Technology (IT),networking
Information Technology (IT),firewall
Information Technology (IT),router
Information Technology (IT),pemrograman
Information Technology (IT),pengembang
Information Technology (IT),programmer
Information Technology (IT),developer
Information Technology (IT),sistem informasi
Information Technology (IT),teknologi informasi
Information Technology (IT),basis data
Information Technology (IT),database
Information Technology (IT),jaringan komputer
Information Technology (IT),keamanan siber
Information Technology (IT),administrator sistem
Information Technology (IT),dukungan teknis
Information Technology (IT),support teknis
Information Technology (IT),pengembangan web
Information Technology (IT),aplikasi mobile
Information Technology (IT),software
Information Technology (IT),perangkat lunak
Information Technology (IT),sistem operasi
Information Technology (IT),server
Information Technology (IT),cloud computing
Information Technology (IT),komputasi awan
Information Technology (IT),data mining
Information Technology (IT),analisis data
Information Technology (IT),kecerdasan buatan
Information Technology (IT),ai
Information Technology (IT),ml
Information Technology (IT),machine learning
Information Technology (IT),deep learning
Information Technology (IT),big data
Information Technology (IT),data scientist
Information Technology (IT),web design
Information Technology (IT),ui/ux
Information Technology (IT),front end
Information Technology (IT),back end
Information Technology (IT),full stack
Information Technology (IT),mobile developer
Information Technology (IT),android
Information Technology (IT),ios
Information Technology (IT),flutter
Information Technology (IT),react native
Media Creation (MC),photoshop
Media Creation (MC),illustrator
Media Creation (MC),indesign
Media Creation (MC),after effects
Media Creation (MC),premiere pro
Media Creation (MC),final cut
Media Creation (MC),davinci resolve
Media Creation (MC),lightroom
Media Creation (MC),figma
Media Creation (MC),sketch
Media Creation (MC),adobe creative
Media Creation (MC),corel draw
Media Creation (MC),canva
Media Creation (MC),blender
Media Creation (MC),3ds max
Media Creation (MC),maya
Media Creation (MC),cinema 4d
Media Creation (MC),unity
Media Creation (MC),unreal engine
Media Creation (MC),video editing
Media Creation (MC),motion graphics
Media Creation (MC),animation
Media Creation (MC),2d animation
Media Creation (MC),3d animation
Media Creation (MC),graphic design
Media Creation (MC),ui design
Media Creation (MC),ux design
Media Creation (MC),web design
Media Creation (MC),logo design
Media Creation (MC),branding
Media Creation (MC),typography
Media Creation (MC),photography
Media Creation (MC),videography
Media Creation (MC),cinematography
Media Creation (MC),content creator
Media Creation (MC),social media
Media Creation (MC),digital marketing
Media Creation (MC),creative director
Media Creation (MC),art director
Media Creation (MC),multimedia
Media Creation (MC),visual effects
Media Creation (MC),sound design
Media Creation (MC),audio editing
Media Creation (MC),pro tools
Media Creation (MC),audacity
Media Creation (MC),logic pro
Media Creation (MC),ableton
Media Creation (MC),creative writing
Media Creation (MC),copywriting
Media Creation (MC),storytelling
Media Creation (MC),scriptwriting
Media Creation (MC),content writing
Media Creation (MC),youtube
Media Creation (MC),instagram
Media Creation (MC),tiktok
Media Creation (MC),facebook
Media Creation (MC),twitter
Media Creation (MC),linkedin
Media Creation (MC),marketing digital
Media Creation (MC),facebook ads
Media Creation (MC),powerpoint
Media Creation (MC),desain grafis
Media Creation (MC),desainer grafis
Media Creation (MC),editing video
Media Creation (MC),editor video
Media Creation (MC),fotografi
Media Creation (MC),fotografer
Media Creation (MC),videografi
Media Creation (MC),videographer
Media Creation (MC),animator
Media Creation (MC),animasi
Media Creation (MC),motion graphic
Media Creation (MC),konten kreator
Media Creation (MC),pembuat konten
Media Creation (MC),media sosial
Media Creation (MC),sosial media
Media Creation (MC),pemasaran digital
Media Creation (MC),digital marketing
Media Creation (MC),branding
Media Creation (MC),logo
Media Creation (MC),identitas visual
Media Creation (MC),kreatif
Media Creation (MC),seni
Media Creation (MC),video editing
Media Creation (MC),multimedia
Media Creation (MC),audio visual
Media Creation (MC),sinematografi
Media Creation (MC),produksi video
Media Creation (MC),editing audio
Media Creation (MC),sound engineer
Media Creation (MC),musik
Media Creation (MC),suara
Media Creation (MC),podcast
Media Creation (MC),copywriter
Media Creation (MC),penulis konten
Media Creation (MC),content writer
Media Creation (MC),storytelling
Media Creation (MC),influencer
Media Creation (MC),youtuber
Media Creation (MC),blogger
Media Creation (MC),vlogger
Media Creation (MC),streamer
Media Creation (MC),marketing
Media Creation (MC),promosi
Media Creation (MC),iklan
Media Creation (MC),advertising
Media Creation (MC),kampanye
Media Creation (MC),ui designer
Media Creation (MC),ux designer
Media Creation (MC),web designer
Media Creation (MC),tipografi
Media Creation (MC),desain
Media Creation (MC),editing
Media Creation (MC),editor
Media Creation (MC),poster
Media Creation (MC),kameramen
Media Creation (MC),product design
Media Creation (MC),manajer desain
Media Creation (MC),desain produk
Media Creation (MC),kreativitas
Media Creation (MC),visual
Media Creation (MC),konten visual
Education & Publishing (EnP),teacher
Education & Publishing (EnP),educator
Education & Publishing (EnP),instructor
Education & Publishing (EnP),lecturer
Education & Publishing (EnP),professor
Education & Publishing (EnP),tutor
Education & Publishing (EnP),curriculum
Education & Publishing (EnP),pedagogy
Education & Publishing (EnP),educational
Education & Publishing (EnP),teaching
Education & Publishing (EnP),training
Education & Publishing (EnP),learning management
Education & Publishing (EnP),e-learning
Education & Publishing (EnP),online learning
Education & Publishing (EnP),moodle
Education & Publishing (EnP),blackboard
Education & Publishing (EnP),canvas
Education & Publishing (EnP),google classroom
Education & Publishing (EnP),zoom
Education & Publishing (EnP),microsoft teams
Education & Publishing (EnP),educational technology
Education & Publishing (EnP),instructional design
Education & Publishing (EnP),assessment
Education & Publishing (EnP),academic
Education & Publishing (EnP),research
Education & Publishing (EnP),thesis
Education & Publishing (EnP),dissertation
Education & Publishing (EnP),publication
Education & Publishing (EnP),journal
Education & Publishing (EnP),editorial
Education & Publishing (EnP),proofreading
Education & Publishing (EnP),copyediting
Education & Publishing (EnP),publishing
Education & Publishing (EnP),content development
Education & Publishing (EnP),textbook
Education & Publishing (EnP),course material
Education & Publishing (EnP),syllabus
Education & Publishing (EnP),lesson plan
Education & Publishing (EnP),educational content
Education & Publishing (EnP),training material
Education & Publishing (EnP),workshop
Education & Publishing (EnP),seminar
Education & Publishing (EnP),conference
Education & Publishing (EnP),presentation
Education & Publishing (EnP),public speaking
Education & Publishing (EnP),microsoft office
Education & Publishing (EnP),google docs
Education & Publishing (EnP),penulisan
Education & Publishing (EnP),shortcut
Education & Publishing (EnP),latex
Education & Publishing (EnP),mendeley
Education & Publishing (EnP),zotero
Education & Publishing (EnP),endnote
Education & Publishing (EnP),citation
Education & Publishing (EnP),bibliography
Education & Publishing (EnP),academic writing
Education & Publishing (EnP),technical writing
Education & Publishing (EnP),documentation
Education & Publishing (EnP),knowledge management
Education & Publishing (EnP),library science
Education & Publishing (EnP),information science
Education & Publishing (EnP),guru
Education & Publishing (EnP),pengajar
Education & Publishing (EnP),dosen
Education & Publishing (EnP),instruktur
Education & Publishing (EnP),pendidik
Education & Publishing (EnP),tutor
Education & Publishing (EnP),pendidikan
Education & Publishing (EnP),pembelajaran
Education & Publishing (EnP),mengajar
Education & Publishing (EnP),pelatihan
Education & Publishing (EnP),training
Education & Publishing (EnP),kurikulum
Education & Publishing (EnP),silabus
Education & Publishing (EnP),rencana pembelajaran
Education & Publishing (EnP),bahan ajar
Education & Publishing (EnP),materi pembelajaran
Education & Publishing (EnP),modul
Education & Publishing (EnP),buku teks
Education & Publishing (EnP),e-learning
Education & Publishing (EnP),pembelajaran online
Education & Publishing (EnP),kelas online
Education & Publishing (EnP),zoom
Education & Publishing (EnP),google classroom
Education & Publishing (EnP),teknologi pendidikan
Education & Publishing (EnP),edtech
Education & Publishing (EnP),lms
Education & Publishing (EnP),assessment
Education & Publishing (EnP),evaluasi
Education & Publishing (EnP),penelitian
Education & Publishing (EnP),riset
Education & Publishing (EnP),thesis
Education & Publishing (EnP),tesis
Education & Publishing (EnP),skripsi
Education & Publishing (EnP),disertasi
Education & Publishing (EnP),jurnal
Education & Publishing (EnP),publikasi
Education & Publishing (EnP),penerbit
Education & Publishing (EnP),penerbitan
Education & Publishing (EnP),editor
Education & Publishing (EnP),proofreader
Education & Publishing (EnP),copyeditor
Education & Publishing (EnP),penulis
Education & Publishing (EnP),author
Education & Publishing (EnP),konten edukatif
Education & Publishing (EnP),workshop
Education & Publishing (EnP),seminar
Education & Publishing (EnP),pelatihan
Education & Publishing (EnP),presentasi
Education & Publishing (EnP),public speaking
Education & Publishing (EnP),perpustakaan
Education & Publishing (EnP),librarian
Education & Publishing (EnP),pustakawan
Education & Publishing (EnP),manajemen pengetahuan
Education & Publishing (EnP),dokumentasi
Education & Publishing (EnP),technical writer
Education & Publishing (EnP),content developer
Education & Publishing (EnP),akademik
Education & Publishing (EnP),scholar
Education & Publishing (EnP),ilmiah
Education & Publishing (EnP),scientific
Education & Publishing (EnP),konferensi
Administration & Finance,accounting
Administration & Finance,bookkeeping
Administration & Finance,financial
Administration & Finance,finance
Administration & Finance,budget
Administration & Finance,auditing
Administration & Finance,tax
Administration & Finance,payroll
Administration & Finance,invoice
Administration & Finance,receipt
Administration & Finance,expenses
Administration & Finance,revenue
Administration & Finance,profit
Administration & Finance,loss
Administration & Finance,balance sheet
Administration & Finance,income statement
Administration & Finance,cash flow
Administration & Finance,financial analysis
Administration & Finance,financial planning
Administration & Finance,investment
Administration & Finance,banking
Administration & Finance,insurance
Administration & Finance,loan
Administration & Finance,credit
Administration & Finance,debit
Administration & Finance,accounts payable
Administration & Finance,accounts receivable
Administration & Finance,general ledger
Administration & Finance,trial balance
Administration & Finance,quickbooks
Administration & Finance,sage
Administration & Finance,xero
Administration & Finance,tally
Administration & Finance,myob
Administration & Finance,accurate
Administration & Finance,administration
Administration & Finance,administrative
Administration & Finance,office manager
Administration & Finance,secretary
Administration & Finance,receptionist
Administration & Finance,data entry
Administration & Finance,filing
Administration & Finance,documentation
Administration & Finance,records
Administration & Finance,human resources
Administration & Finance,hr
Administration & Finance,recruitment
Administration & Finance,payroll
Administration & Finance,benefits
Administration & Finance,employee relations
Administration & Finance,performance management
Administration & Finance,compliance
Administration & Finance,policy
Administration & Finance,procedure
Administration & Finance,governance
Administration & Finance,risk management
Administration & Finance,project management
Administration & Finance,operations
Administration & Finance,logistics
Administration & Finance,supply chain
Administration & Finance,procurement
Administration & Finance,vendor management
Administration & Finance,contract
Administration & Finance,negotiation
Administration & Finance,customer service
Administration & Finance,client relations
Administration & Finance,communication
Administration & Finance,microsoft excel
Administration & Finance,spreadsheet
Administration & Finance,pivot table
Administration & Finance,vlookup
Administration & Finance,financial modeling
Administration & Finance,forecasting
Administration & Finance,reporting
Administration & Finance,dashboard
Administration & Finance,akuntansi
Administration & Finance,akuntan
Administration & Finance,keuangan
Administration & Finance,finansial
Administration & Finance,anggaran
Administration & Finance,budget
Administration & Finance,audit
Administration & Finance,auditor
Administration & Finance,pajak
Administration & Finance,tax
Administration & Finance,gaji
Administration & Finance,payroll
Administration & Finance,invoice
Administration & Finance,faktur
Administration & Finance,kwitansi
Administration & Finance,pengeluaran
Administration & Finance,pendapatan
Administration & Finance,keuntungan
Administration & Finance,kerugian
Administration & Finance,neraca
Administration & Finance,laporan keuangan
Administration & Finance,arus kas
Administration & Finance,cash flow
Administration & Finance,analisis keuangan
Administration & Finance,perencanaan keuangan
Administration & Finance,investasi
Administration & Finance,perbankan
Administration & Finance,asuransi
Administration & Finance,kredit
Administration & Finance,pinjaman
Administration & Finance,hutang
Administration & Finance,piutang
Administration & Finance,buku besar
Administration & Finance,administrasi
Administration & Finance,administratif
Administration & Finance,manajer kantor
Administration & Finance,sekretaris
Administration & Finance,resepsionis
Administration & Finance,entry data
Administration & Finance,filing
Administration & Finance,dokumentasi
Administration & Finance,arsip
Administration & Finance,sumber daya manusia
Administration & Finance,sdm
Administration & Finance,hr
Administration & Finance,rekrutmen
Administration & Finance,recruitment
Administration & Finance,tunjangan
Administration & Finance,benefit
Administration & Finance,hubungan karyawan
Administration & Finance,manajemen kinerja
Administration & Finance,kepatuhan
Administration & Finance,compliance
Administration & Finance,kebijakan
Administration & Finance,prosedur
Administration & Finance,governance
Administration & Finance,manajemen risiko
Administration & Finance,risk management
Administration & Finance,manajemen proyek
Administration & Finance,operasional
Administration & Finance,logistik
Administration & Finance,supply chain
Administration & Finance,pengadaan
Administration & Finance,procurement
Administration & Finance,vendor
Administration & Finance,kontrak
Administration & Finance,negosiasi
Administration & Finance,customer service
Administration & Finance,layanan pelanggan
Administration & Finance,komunikasi
Administration & Finance,excel
Administration & Finance,spreadsheet
Administration & Finance,pivot table
Administration & Finance,laporan
Administration & Finance,dashboard
Administration & Finance,forecasting
Administration & Finance,peramalan
Administration & Finance,modeling keuangan
Administration & Finance,analis keuangan
Administration & Finance,pasar modal
Administration & Finance,saham
Administration & Finance,obligasi
Administration & Finance,reksadana
Administration & Finance,manajemen aset
Administration & Finance,aset
Administration & Finance,liabilitas
Administration & Finance,ekuitas
Administration & Finance,laporan laba rugi
Administration & Finance,neraca saldo
Administration & Finance,teller
Administration & Finance,simpanan
Administration & Finance,giro
Administration & Finance,tabungan
Administration & Finance,deposito
Administration & Finance,pembukuan
Administration & Finance,jurnal
Administration & Finance,akuntan publik
Administration & Finance,pajak penghasilan
Administration & Finance,pph
Administration & Finance,ppn
Education & Publishing (EnP),school curriculum  
Education & Publishing (EnP),student retention  
Education & Publishing (EnP),education consultant  
Education & Publishing (EnP),academic journal  
Education & Publishing (EnP),class participation  
Education & Publishing (EnP),grading rubric  
Education & Publishing (EnP),syllabus design  
Education & Publishing (EnP),program evaluation  
Education & Publishing (EnP),student learning outcomes  
Education & Publishing (EnP),instructional goals  
Education & Publishing (EnP),teaching innovation  
Education & Publishing (EnP),course assessment  
Education & Publishing (EnP),educational podcast  
Education & Publishing (EnP),distance education  
Education & Publishing (EnP),teacher certification  
Education & Publishing (EnP),education quality  
Education & Publishing (EnP),school improvement  
Education & Publishing (EnP),school accreditation  
Education & Publishing (EnP),educational theory  
Education & Publishing (EnP),e-learning tools  
Education & Publishing (EnP),interactive learning  
Education & Publishing (EnP),school culture  
Education & Publishing (EnP),student wellbeing  
Education & Publishing (EnP),academic intervention  
Education & Publishing (EnP),learning disability  
Education & Publishing (EnP),educational consultant  
Education & Publishing (EnP),lesson observation  
Education & Publishing (EnP),teaching assistant  
Education & Publishing (EnP),learning scaffold  
Education & Publishing (EnP),homework policy  
Education & Publishing (EnP),digital pedagogy  
Education & Publishing (EnP),education workshop  
Education & Publishing (EnP),skills training  
Education & Publishing (EnP),language pedagogy  
Education & Publishing (EnP),specialized training  
Education & Publishing (EnP),teaching materials  
Education & Publishing (EnP),academic culture  
Education & Publishing (EnP),remote teaching  
Education & Publishing (EnP),educational administration  
Education & Publishing (EnP),online modules  
Education & Publishing (EnP),education analytics  
Education & Publishing (EnP),study strategies  
Education & Publishing (EnP),instruction delivery  
Education & Publishing (EnP),academic progression  
Education & Publishing (EnP),online grading  
Education & Publishing (EnP),course feedback  
Education & Publishing (EnP),skills assessment  
Education & Publishing (EnP),teaching experience  
Information Technology (IT),nextjs  
Information Technology (IT),nestjs  
Information Technology (IT),svelte  
Information Technology (IT),tailwind  
Information Technology (IT),vite  
Information Technology (IT),prisma  
Information Technology (IT),supabase  
Information Technology (IT),redux  
Information Technology (IT),websocket  
Information Technology (IT),graphql  
Information Technology (IT),firebase  
Information Technology (IT),elastic search  
Information Technology (IT),kibana  
Information Technology (IT),logstash  
Information Technology (IT),prometheus  
Information Technology (IT),grafana  
Information Technology (IT),jenkins  
Information Technology (IT),circleci  
Information Technology (IT),bitbucket  
Information Technology (IT),ci/cd  
Information Technology (IT),helm  
Information Technology (IT),ansible  
Information Technology (IT),terraform  
Information Technology (IT),openstack  
Information Technology (IT),load balancer  
Information Technology (IT),ssl  
Information Technology (IT),dns  
Information Technology (IT),ipv6  
Information Technology (IT),bash  
Information Technology (IT),powershell  
Information Technology (IT),scripting  
Information Technology (IT),agile  
Information Technology (IT),scrum  
Information Technology (IT),kanban  
Information Technology (IT),jira  
Information Technology (IT),notion  
Information Technology (IT),postman  
Information Technology (IT),insomnia  
Information Technology (IT),test automation  
Information Technology (IT),unit testing  
Information Technology (IT),integration testing  
Information Technology (IT),performance testing  
Information Technology (IT),penetration testing  
Information Technology (IT),ethical hacking  
Information Technology (IT),bug bounty  
Information Technology (IT),zero trust  
Information Technology (IT),containerization  
Information Technology (IT),virtualization  
Information Technology (IT),edge computing  
Information Technology (IT),quantum computing  
Media Creation (MC),color grading  
Media Creation (MC),color correction  
Media Creation (MC),lens flare  
Media Creation (MC),green screen  
Media Creation (MC),chroma key  
Media Creation (MC),voice over  
Media Creation (MC),sound mixing  
Media Creation (MC),background music  
Media Creation (MC),Foley  
Media Creation (MC),field recording  
Media Creation (MC),location scouting  
Media Creation (MC),scene transition  
Media Creation (MC),storyboard  
Media Creation (MC),screenplay  
Media Creation (MC),short film  
Media Creation (MC),documentary  
Media Creation (MC),motion tracking  
Media Creation (MC),3d modeling  
Media Creation (MC),rigging  
Media Creation (MC),rendering  
Media Creation (MC),post production  
Media Creation (MC),pre production  
Media Creation (MC),production assistant  
Media Creation (MC),media planner  
Media Creation (MC),brand identity  
Media Creation (MC),design system  
Media Creation (MC),social media manager  
Media Creation (MC),media buyer  
Media Creation (MC),content calendar  
Media Creation (MC),publishing schedule  
Media Creation (MC),infographic  
Media Creation (MC),meme design  
Media Creation (MC),thumbnail design  
Media Creation (MC),video caption  
Media Creation (MC),instagram reel  
Media Creation (MC),youtube short  
Media Creation (MC),facebook reel  
Media Creation (MC),video script  
Media Creation (MC),photo retouching  
Media Creation (MC),color palette  
Media Creation (MC),grid system  
Media Creation (MC),typographic scale  
Media Creation (MC),creative asset  
Media Creation (MC),brand guideline  
Media Creation (MC),user persona  
Media Creation (MC),artwork  
Media Creation (MC),key visual  
Media Creation (MC),explainer video  
Media Creation (MC),event documentation  
